title,description,category,language,actor_name
"ACADEMY DINOSAUR","A Epic Drama of a Feminist And a Mad Scientist who must Battle a Teacher in The Canadian Rockies",Documentary,English,"PENELOPE GUINESS"
"ACADEMY DINOSAUR","A Epic Drama of a Feminist And a Mad Scientist who must Battle a Teacher in The Canadian Rockies",Documentary,English,"CHRISTIAN GABLE"
"ACADEMY DINOSAUR","A Epic Drama of a Feminist And a Mad Scientist who must Battle a Teacher in The Canadian Rockies",Documentary,English,"LUCILLE TRACY"
"ACADEMY DINOSAUR","A Epic Drama of a Feminist And a Mad Scientist who must Battle a Teacher in The Canadian Rockies",Documentary,English,"SANDRA PECK"
"ACADEMY DINOSAUR","A Epic Drama of a Feminist And a Mad Scientist who must Battle a Teacher in The Canadian Rockies",Documentary,English,"JOHNNY CAGE"
"ACADEMY DINOSAUR","A Epic Drama of a Feminist And a Mad Scientist who must Battle a Teacher in The Canadian Rockies",Documentary,English,"MENA TEMPLE"
"ACADEMY DINOSAUR","A Epic Drama of a Feminist And a Mad Scientist who must Battle a Teacher in The Canadian Rockies",Documentary,English,"WARREN NOLTE"
"ACADEMY DINOSAUR","A Epic Drama of a Feminist And a Mad Scientist who must Battle a Teacher in The Canadian Rockies",Documentary,English,"OPRAH KILMER"
"ACADEMY DINOSAUR","A Epic Drama of a Feminist And a Mad Scientist who must Battle a Teacher in The Canadian Rockies",Documentary,English,"ROCK DUKAKIS"
"ACADEMY DINOSAUR","A Epic Drama of a Feminist And a Mad Scientist who must Battle a Teacher in The Canadian Rockies",Documentary,English,"MARY KEITEL"
"ACE GOLDFINGER","A Astounding Epistle of a Database Administrator And a Explorer who must Find a Car in Ancient China",Horror,English,"BOB FAWCETT"
"ACE GOLDFINGER","A Astounding Epistle of a Database Administrator And a Explorer who must Find a Car in Ancient China",Horror,English,"MINNIE ZELLWEGER"
"ACE GOLDFINGER","A Astounding Epistle of a Database Administrator And a Explorer who must Find a Car in Ancient China",Horror,English,"SEAN GUINESS"
"ACE GOLDFINGER","A Astounding Epistle of a Database Administrator And a Explorer who must Find a Car in Ancient China",Horror,English,"CHRIS DEPP"
"ADAPTATION HOLES","A Astounding Reflection of a Lumberjack And a Car who must Sink a Lumberjack in A Baloon Factory",Documentary,English,"NICK WAHLBERG"
"ADAPTATION HOLES","A Astounding Reflection of a Lumberjack And a Car who must Sink a Lumberjack in A Baloon Factory",Documentary,English,"BOB FAWCETT"
"ADAPTATION HOLES","A Astounding Reflection of a Lumberjack And a Car who must Sink a Lumberjack in A Baloon Factory",Documentary,English,"CAMERON STREEP"
"ADAPTATION HOLES","A Astounding Reflection of a Lumberjack And a Car who must Sink a Lumberjack in A Baloon Factory",Documentary,English,"RAY JOHANSSON"
"ADAPTATION HOLES","A Astounding Reflection of a Lumberjack And a Car who must Sink a Lumberjack in A Baloon Factory",Documentary,English,"JULIANNE DENCH"
"AFFAIR PREJUDICE","A Fanciful Documentary of a Frisbee And a Lumberjack who must Chase a Monkey in A Shark Tank",Horror,English,"JODIE DEGENERES"
"AFFAIR PREJUDICE","A Fanciful Documentary of a Frisbee And a Lumberjack who must Chase a Monkey in A Shark Tank",Horror,English,"SCARLETT DAMON"
"AFFAIR PREJUDICE","A Fanciful Documentary of a Frisbee And a Lumberjack who must Chase a Monkey in A Shark Tank",Horror,English,"KENNETH PESCI"
"AFFAIR PREJUDICE","A Fanciful Documentary of a Frisbee And a Lumberjack who must Chase a Monkey in A Shark Tank",Horror,English,"FAY WINSLET"
"AFFAIR PREJUDICE","A Fanciful Documentary of a Frisbee And a Lumberjack who must Chase a Monkey in A Shark Tank",Horror,English,"OPRAH KILMER"
"AFRICAN EGG","A Fast-Paced Documentary of a Pastry Chef And a Dentist who must Pursue a Forensic Psychologist in The Gulf of Mexico",Family,English,"GARY PHOENIX"
"AFRICAN EGG","A Fast-Paced Documentary of a Pastry Chef And a Dentist who must Pursue a Forensic Psychologist in The Gulf of Mexico",Family,English,"DUSTIN TAUTOU"
"AFRICAN EGG","A Fast-Paced Documentary of a Pastry Chef And a Dentist who must Pursue a Forensic Psychologist in The Gulf of Mexico",Family,English,"MATTHEW LEIGH"
"AFRICAN EGG","A Fast-Paced Documentary of a Pastry Chef And a Dentist who must Pursue a Forensic Psychologist in The Gulf of Mexico",Family,English,"MATTHEW CARREY"
"AFRICAN EGG","A Fast-Paced Documentary of a Pastry Chef And a Dentist who must Pursue a Forensic Psychologist in The Gulf of Mexico",Family,English,"THORA TEMPLE"
"AGENT TRUMAN","A Intrepid Panorama of a Robot And a Boy who must Escape a Sumo Wrestler in Ancient China",Foreign,English,"KIRSTEN PALTROW"
"AGENT TRUMAN","A Intrepid Panorama of a Robot And a Boy who must Escape a Sumo Wrestler in Ancient China",Foreign,English,"SANDRA KILMER"
"AGENT TRUMAN","A Intrepid Panorama of a Robot And a Boy who must Escape a Sumo Wrestler in Ancient China",Foreign,English,"JAYNE NEESON"
"AGENT TRUMAN","A Intrepid Panorama of a Robot And a Boy who must Escape a Sumo Wrestler in Ancient China",Foreign,English,"WARREN NOLTE"
"AGENT TRUMAN","A Intrepid Panorama of a Robot And a Boy who must Escape a Sumo Wrestler in Ancient China",Foreign,English,"MORGAN WILLIAMS"
"AGENT TRUMAN","A Intrepid Panorama of a Robot And a Boy who must Escape a Sumo Wrestler in Ancient China",Foreign,English,"KENNETH HOFFMAN"
"AGENT TRUMAN","A Intrepid Panorama of a Robot And a Boy who must Escape a Sumo Wrestler in Ancient China",Foreign,English,"REESE WEST"
"AIRPLANE SIERRA","A Touching Saga of a Hunter And a Butler who must Discover a Butler in A Jet Boat",Comedy,English,"JIM MOSTEL"
"AIRPLANE SIERRA","A Touching Saga of a Hunter And a Butler who must Discover a Butler in A Jet Boat",Comedy,English,"RICHARD PENN"
"AIRPLANE SIERRA","A Touching Saga of a Hunter And a Butler who must Discover a Butler in A Jet Boat",Comedy,English,"OPRAH KILMER"
"AIRPLANE SIERRA","A Touching Saga of a Hunter And a Butler who must Discover a Butler in A Jet Boat",Comedy,English,"MENA HOPPER"
"AIRPLANE SIERRA","A Touching Saga of a Hunter And a Butler who must Discover a Butler in A Jet Boat",Comedy,English,"MICHAEL BOLGER"
"AIRPORT POLLOCK","A Epic Tale of a Moose And a Girl who must Confront a Monkey in Ancient India",Horror,English,"FAY KILMER"
"AIRPORT POLLOCK","A Epic Tale of a Moose And a Girl who must Confront a Monkey in Ancient India",Horror,English,"GENE WILLIS"
"AIRPORT POLLOCK","A Epic Tale of a Moose And a Girl who must Confront a Monkey in Ancient India",Horror,English,"SUSAN DAVIS"
"AIRPORT POLLOCK","A Epic Tale of a Moose And a Girl who must Confront a Monkey in Ancient India",Horror,English,"LUCILLE DEE"
"ALABAMA DEVIL","A Thoughtful Panorama of a Database Administrator And a Mad Scientist who must Outgun a Mad Scientist in A Jet Boat",Horror,English,"CHRISTIAN GABLE"
"ALABAMA DEVIL","A Thoughtful Panorama of a Database Administrator And a Mad Scientist who must Outgun a Mad Scientist in A Jet Boat",Horror,English,"ELVIS MARX"
"ALABAMA DEVIL","A Thoughtful Panorama of a Database Administrator And a Mad Scientist who must Outgun a Mad Scientist in A Jet Boat",Horror,English,"RIP CRAWFORD"
"ALABAMA DEVIL","A Thoughtful Panorama of a Database Administrator And a Mad Scientist who must Outgun a Mad Scientist in A Jet Boat",Horror,English,"MENA TEMPLE"
"ALABAMA DEVIL","A Thoughtful Panorama of a Database Administrator And a Mad Scientist who must Outgun a Mad Scientist in A Jet Boat",Horror,English,"RIP WINSLET"
"ALABAMA DEVIL","A Thoughtful Panorama of a Database Administrator And a Mad Scientist who must Outgun a Mad Scientist in A Jet Boat",Horror,English,"WARREN NOLTE"
"ALABAMA DEVIL","A Thoughtful Panorama of a Database Administrator And a Mad Scientist who must Outgun a Mad Scientist in A Jet Boat",Horror,English,"GRETA KEITEL"
"ALABAMA DEVIL","A Thoughtful Panorama of a Database Administrator And a Mad Scientist who must Outgun a Mad Scientist in A Jet Boat",Horror,English,"WILLIAM HACKMAN"
"ALABAMA DEVIL","A Thoughtful Panorama of a Database Administrator And a Mad Scientist who must Outgun a Mad Scientist in A Jet Boat",Horror,English,"MERYL ALLEN"
"ALADDIN CALENDAR","A Action-Packed Tale of a Man And a Lumberjack who must Reach a Feminist in Ancient China",Sports,English,"ALEC WAYNE"
"ALADDIN CALENDAR","A Action-Packed Tale of a Man And a Lumberjack who must Reach a Feminist in Ancient China",Sports,English,"JUDY DEAN"
"ALADDIN CALENDAR","A Action-Packed Tale of a Man And a Lumberjack who must Reach a Feminist in Ancient China",Sports,English,"VAL BOLGER"
"ALADDIN CALENDAR","A Action-Packed Tale of a Man And a Lumberjack who must Reach a Feminist in Ancient China",Sports,English,"RAY JOHANSSON"
"ALADDIN CALENDAR","A Action-Packed Tale of a Man And a Lumberjack who must Reach a Feminist in Ancient China",Sports,English,"RENEE TRACY"
"ALADDIN CALENDAR","A Action-Packed Tale of a Man And a Lumberjack who must Reach a Feminist in Ancient China",Sports,English,"JADA RYDER"
"ALADDIN CALENDAR","A Action-Packed Tale of a Man And a Lumberjack who must Reach a Feminist in Ancient China",Sports,English,"GRETA MALDEN"
"ALADDIN CALENDAR","A Action-Packed Tale of a Man And a Lumberjack who must Reach a Feminist in Ancient China",Sports,English,"ROCK DUKAKIS"
"ALAMO VIDEOTAPE","A Boring Epistle of a Butler And a Cat who must Fight a Pastry Chef in A MySQL Convention",Foreign,English,"JOHNNY CAGE"
"ALAMO VIDEOTAPE","A Boring Epistle of a Butler And a Cat who must Fight a Pastry Chef in A MySQL Convention",Foreign,English,"SCARLETT DAMON"
"ALAMO VIDEOTAPE","A Boring Epistle of a Butler And a Cat who must Fight a Pastry Chef in A MySQL Convention",Foreign,English,"SEAN GUINESS"
"ALAMO VIDEOTAPE","A Boring Epistle of a Butler And a Cat who must Fight a Pastry Chef in A MySQL Convention",Foreign,English,"MICHAEL BENING"
"ALASKA PHANTOM","A Fanciful Saga of a Hunter And a Pastry Chef who must Vanquish a Boy in Australia",Music,English,"VAL BOLGER"
"ALASKA PHANTOM","A Fanciful Saga of a Hunter And a Pastry Chef who must Vanquish a Boy in Australia",Music,English,"BURT POSEY"
"ALASKA PHANTOM","A Fanciful Saga of a Hunter And a Pastry Chef who must Vanquish a Boy in Australia",Music,English,"SIDNEY CROWE"
"ALASKA PHANTOM","A Fanciful Saga of a Hunter And a Pastry Chef who must Vanquish a Boy in Australia",Music,English,"SYLVESTER DERN"
"ALASKA PHANTOM","A Fanciful Saga of a Hunter And a Pastry Chef who must Vanquish a Boy in Australia",Music,English,"ALBERT JOHANSSON"
"ALASKA PHANTOM","A Fanciful Saga of a Hunter And a Pastry Chef who must Vanquish a Boy in Australia",Music,English,"GENE MCKELLEN"
"ALASKA PHANTOM","A Fanciful Saga of a Hunter And a Pastry Chef who must Vanquish a Boy in Australia",Music,English,"JEFF SILVERSTONE"
"ALI FOREVER","A Action-Packed Drama of a Dentist And a Crocodile who must Battle a Feminist in The Canadian Rockies",Horror,English,"CARY MCCONAUGHEY"
"ALI FOREVER","A Action-Packed Drama of a Dentist And a Crocodile who must Battle a Feminist in The Canadian Rockies",Horror,English,"CHRISTOPHER BERRY"
"ALI FOREVER","A Action-Packed Drama of a Dentist And a Crocodile who must Battle a Feminist in The Canadian Rockies",Horror,English,"KENNETH TORN"
"ALI FOREVER","A Action-Packed Drama of a Dentist And a Crocodile who must Battle a Feminist in The Canadian Rockies",Horror,English,"MORGAN MCDORMAND"
"ALI FOREVER","A Action-Packed Drama of a Dentist And a Crocodile who must Battle a Feminist in The Canadian Rockies",Horror,English,"JON CHASE"
"ALICE FANTASIA","A Emotional Drama of a A Shark And a Database Administrator who must Vanquish a Pioneer in Soviet Georgia",Classics,English,"WOODY HOFFMAN"
"ALICE FANTASIA","A Emotional Drama of a A Shark And a Database Administrator who must Vanquish a Pioneer in Soviet Georgia",Classics,English,"MINNIE ZELLWEGER"
"ALICE FANTASIA","A Emotional Drama of a A Shark And a Database Administrator who must Vanquish a Pioneer in Soviet Georgia",Classics,English,"MORGAN WILLIAMS"
"ALICE FANTASIA","A Emotional Drama of a A Shark And a Database Administrator who must Vanquish a Pioneer in Soviet Georgia",Classics,English,"ROCK DUKAKIS"
"ALIEN CENTER","A Brilliant Drama of a Cat And a Mad Scientist who must Battle a Feminist in A MySQL Convention",Foreign,English,"BURT DUKAKIS"
"ALIEN CENTER","A Brilliant Drama of a Cat And a Mad Scientist who must Battle a Feminist in A MySQL Convention",Foreign,English,"KENNETH PALTROW"
"ALIEN CENTER","A Brilliant Drama of a Cat And a Mad Scientist who must Battle a Feminist in A MySQL Convention",Foreign,English,"SIDNEY CROWE"
"ALIEN CENTER","A Brilliant Drama of a Cat And a Mad Scientist who must Battle a Feminist in A MySQL Convention",Foreign,English,"RENEE TRACY"
"ALIEN CENTER","A Brilliant Drama of a Cat And a Mad Scientist who must Battle a Feminist in A MySQL Convention",Foreign,English,"HUMPHREY WILLIS"
"ALIEN CENTER","A Brilliant Drama of a Cat And a Mad Scientist who must Battle a Feminist in A MySQL Convention",Foreign,English,"MENA HOPPER"
"ALLEY EVOLUTION","A Fast-Paced Drama of a Robot And a Composer who must Battle a Astronaut in New Orleans",Foreign,English,"KARL BERRY"
"ALLEY EVOLUTION","A Fast-Paced Drama of a Robot And a Composer who must Battle a Astronaut in New Orleans",Foreign,English,"JUDE CRUISE"
"ALLEY EVOLUTION","A Fast-Paced Drama of a Robot And a Composer who must Battle a Astronaut in New Orleans",Foreign,English,"ALBERT JOHANSSON"
"ALLEY EVOLUTION","A Fast-Paced Drama of a Robot And a Composer who must Battle a Astronaut in New Orleans",Foreign,English,"GREGORY GOODING"
"ALLEY EVOLUTION","A Fast-Paced Drama of a Robot And a Composer who must Battle a Astronaut in New Orleans",Foreign,English,"JOHN SUVARI"
"ALONE TRIP","A Fast-Paced Character Study of a Composer And a Dog who must Outgun a Boat in An Abandoned Fun House",Music,English,"ED CHASE"
"ALONE TRIP","A Fast-Paced Character Study of a Composer And a Dog who must Outgun a Boat in An Abandoned Fun House",Music,English,"KARL BERRY"
"ALONE TRIP","A Fast-Paced Character Study of a Composer And a Dog who must Outgun a Boat in An Abandoned Fun House",Music,English,"UMA WOOD"
"ALONE TRIP","A Fast-Paced Character Study of a Composer And a Dog who must Outgun a Boat in An Abandoned Fun House",Music,English,"WOODY JOLIE"
"ALONE TRIP","A Fast-Paced Character Study of a Composer And a Dog who must Outgun a Boat in An Abandoned Fun House",Music,English,"SPENCER DEPP"
"ALONE TRIP","A Fast-Paced Character Study of a Composer And a Dog who must Outgun a Boat in An Abandoned Fun House",Music,English,"CHRIS DEPP"
"ALONE TRIP","A Fast-Paced Character Study of a Composer And a Dog who must Outgun a Boat in An Abandoned Fun House",Music,English,"LAURENCE BULLOCK"
"ALONE TRIP","A Fast-Paced Character Study of a Composer And a Dog who must Outgun a Boat in An Abandoned Fun House",Music,English,"RENEE BALL"
"ALTER VICTORY","A Thoughtful Drama of a Composer And a Feminist who must Meet a Secret Agent in The Canadian Rockies",Animation,English,"REESE KILMER"
"ALTER VICTORY","A Thoughtful Drama of a Composer And a Feminist who must Meet a Secret Agent in The Canadian Rockies",Animation,English,"JADA RYDER"
"ALTER VICTORY","A Thoughtful Drama of a Composer And a Feminist who must Meet a Secret Agent in The Canadian Rockies",Animation,English,"ANGELA WITHERSPOON"
"ALTER VICTORY","A Thoughtful Drama of a Composer And a Feminist who must Meet a Secret Agent in The Canadian Rockies",Animation,English,"OPRAH KILMER"
"AMADEUS HOLY","A Emotional Display of a Pioneer And a Technical Writer who must Battle a Man in A Baloon",Action,English,"JOHNNY LOLLOBRIGIDA"
"AMADEUS HOLY","A Emotional Display of a Pioneer And a Technical Writer who must Battle a Man in A Baloon",Action,English,"JULIA MCQUEEN"
"AMADEUS HOLY","A Emotional Display of a Pioneer And a Technical Writer who must Battle a Man in A Baloon",Action,English,"VAL BOLGER"
"AMADEUS HOLY","A Emotional Display of a Pioneer And a Technical Writer who must Battle a Man in A Baloon",Action,English,"KIRK JOVOVICH"
"AMADEUS HOLY","A Emotional Display of a Pioneer And a Technical Writer who must Battle a Man in A Baloon",Action,English,"JAMES PITT"
"AMADEUS HOLY","A Emotional Display of a Pioneer And a Technical Writer who must Battle a Man in A Baloon",Action,English,"PENELOPE CRONYN"
"AMELIE HELLFIGHTERS","A Boring Drama of a Woman And a Squirrel who must Conquer a Student in A Baloon",Music,English,"CARMEN HUNT"
"AMELIE HELLFIGHTERS","A Boring Drama of a Woman And a Squirrel who must Conquer a Student in A Baloon",Music,English,"WALTER TORN"
"AMELIE HELLFIGHTERS","A Boring Drama of a Woman And a Squirrel who must Conquer a Student in A Baloon",Music,English,"ED MANSFIELD"
"AMELIE HELLFIGHTERS","A Boring Drama of a Woman And a Squirrel who must Conquer a Student in A Baloon",Music,English,"EWAN GOODING"
"AMELIE HELLFIGHTERS","A Boring Drama of a Woman And a Squirrel who must Conquer a Student in A Baloon",Music,English,"IAN TANDY"
"AMELIE HELLFIGHTERS","A Boring Drama of a Woman And a Squirrel who must Conquer a Student in A Baloon",Music,English,"LAURA BRODY"
"AMERICAN CIRCUS","A Insightful Drama of a Girl And a Astronaut who must Face a Database Administrator in A Shark Tank",Action,English,"KEVIN BLOOM"
"AMERICAN CIRCUS","A Insightful Drama of a Girl And a Astronaut who must Face a Database Administrator in A Shark Tank",Action,English,"RIP CRAWFORD"
"AMERICAN CIRCUS","A Insightful Drama of a Girl And a Astronaut who must Face a Database Administrator in A Shark Tank",Action,English,"SIDNEY CROWE"
"AMERICAN CIRCUS","A Insightful Drama of a Girl And a Astronaut who must Face a Database Administrator in A Shark Tank",Action,English,"WARREN JACKMAN"
"AMERICAN CIRCUS","A Insightful Drama of a Girl And a Astronaut who must Face a Database Administrator in A Shark Tank",Action,English,"FRANCES TOMEI"
"AMISTAD MIDSUMMER","A Emotional Character Study of a Dentist And a Crocodile who must Meet a Sumo Wrestler in California",New,English,"CARY MCCONAUGHEY"
"AMISTAD MIDSUMMER","A Emotional Character Study of a Dentist And a Crocodile who must Meet a Sumo Wrestler in California",New,English,"DARYL WAHLBERG"
"AMISTAD MIDSUMMER","A Emotional Character Study of a Dentist And a Crocodile who must Meet a Sumo Wrestler in California",New,English,"SALMA NOLTE"
"AMISTAD MIDSUMMER","A Emotional Character Study of a Dentist And a Crocodile who must Meet a Sumo Wrestler in California",New,English,"SCARLETT BENING"
"ANACONDA CONFESSIONS","A Lacklusture Display of a Dentist And a Dentist who must Fight a Girl in Australia",Animation,English,"PENELOPE GUINESS"
"ANACONDA CONFESSIONS","A Lacklusture Display of a Dentist And a Dentist who must Fight a Girl in Australia",Animation,English,"JENNIFER DAVIS"
"ANACONDA CONFESSIONS","A Lacklusture Display of a Dentist And a Dentist who must Fight a Girl in Australia",Animation,English,"ELVIS MARX"
"ANACONDA CONFESSIONS","A Lacklusture Display of a Dentist And a Dentist who must Fight a Girl in Australia",Animation,English,"JAYNE NOLTE"
"ANACONDA CONFESSIONS","A Lacklusture Display of a Dentist And a Dentist who must Fight a Girl in Australia",Animation,English,"HUMPHREY WILLIS"
"ANALYZE HOOSIERS","A Thoughtful Display of a Explorer And a Pastry Chef who must Overcome a Feminist in The Sahara Desert",Horror,English,"TOM MCKELLEN"
"ANALYZE HOOSIERS","A Thoughtful Display of a Explorer And a Pastry Chef who must Overcome a Feminist in The Sahara Desert",Horror,English,"TOM MIRANDA"
"ANALYZE HOOSIERS","A Thoughtful Display of a Explorer And a Pastry Chef who must Overcome a Feminist in The Sahara Desert",Horror,English,"JESSICA BAILEY"
"ANALYZE HOOSIERS","A Thoughtful Display of a Explorer And a Pastry Chef who must Overcome a Feminist in The Sahara Desert",Horror,English,"GRETA MALDEN"
"ANALYZE HOOSIERS","A Thoughtful Display of a Explorer And a Pastry Chef who must Overcome a Feminist in The Sahara Desert",Horror,English,"ED GUINESS"
"ANGELS LIFE","A Thoughtful Display of a Woman And a Astronaut who must Battle a Robot in Berlin",New,English,"PENELOPE GUINESS"
"ANGELS LIFE","A Thoughtful Display of a Woman And a Astronaut who must Battle a Robot in Berlin",New,English,"JENNIFER DAVIS"
"ANGELS LIFE","A Thoughtful Display of a Woman And a Astronaut who must Battle a Robot in Berlin",New,English,"GRACE MOSTEL"
"ANGELS LIFE","A Thoughtful Display of a Woman And a Astronaut who must Battle a Robot in Berlin",New,English,"JULIA BARRYMORE"
"ANGELS LIFE","A Thoughtful Display of a Woman And a Astronaut who must Battle a Robot in Berlin",New,English,"CHRISTOPHER BERRY"
"ANGELS LIFE","A Thoughtful Display of a Woman And a Astronaut who must Battle a Robot in Berlin",New,English,"ED MANSFIELD"
"ANGELS LIFE","A Thoughtful Display of a Woman And a Astronaut who must Battle a Robot in Berlin",New,English,"NICK DEGENERES"
"ANGELS LIFE","A Thoughtful Display of a Woman And a Astronaut who must Battle a Robot in Berlin",New,English,"LAURENCE BULLOCK"
"ANGELS LIFE","A Thoughtful Display of a Woman And a Astronaut who must Battle a Robot in Berlin",New,English,"RENEE BALL"
"ANNIE IDENTITY","A Amazing Panorama of a Pastry Chef And a Boat who must Escape a Woman in An Abandoned Amusement Park",Sci-Fi,English,"ADAM GRANT"
"ANNIE IDENTITY","A Amazing Panorama of a Pastry Chef And a Boat who must Escape a Woman in An Abandoned Amusement Park",Sci-Fi,English,"CATE MCQUEEN"
"ANNIE IDENTITY","A Amazing Panorama of a Pastry Chef And a Boat who must Escape a Woman in An Abandoned Amusement Park",Sci-Fi,English,"GRETA KEITEL"
"ANONYMOUS HUMAN","A Amazing Reflection of a Database Administrator And a Astronaut who must Outrace a Database Administrator in A Shark Tank",Sports,English,"GRACE MOSTEL"
"ANONYMOUS HUMAN","A Amazing Reflection of a Database Administrator And a Astronaut who must Outrace a Database Administrator in A Shark Tank",Sports,English,"FAY KILMER"
"ANONYMOUS HUMAN","A Amazing Reflection of a Database Administrator And a Astronaut who must Outrace a Database Administrator in A Shark Tank",Sports,English,"JIM MOSTEL"
"ANONYMOUS HUMAN","A Amazing Reflection of a Database Administrator And a Astronaut who must Outrace a Database Administrator in A Shark Tank",Sports,English,"SUSAN DAVIS"
"ANONYMOUS HUMAN","A Amazing Reflection of a Database Administrator And a Astronaut who must Outrace a Database Administrator in A Shark Tank",Sports,English,"WHOOPI HURT"
"ANONYMOUS HUMAN","A Amazing Reflection of a Database Administrator And a Astronaut who must Outrace a Database Administrator in A Shark Tank",Sports,English,"EMILY DEE"
"ANONYMOUS HUMAN","A Amazing Reflection of a Database Administrator And a Astronaut who must Outrace a Database Administrator in A Shark Tank",Sports,English,"MERYL GIBSON"
"ANONYMOUS HUMAN","A Amazing Reflection of a Database Administrator And a Astronaut who must Outrace a Database Administrator in A Shark Tank",Sports,English,"MENA HOPPER"
"ANONYMOUS HUMAN","A Amazing Reflection of a Database Administrator And a Astronaut who must Outrace a Database Administrator in A Shark Tank",Sports,English,"ED GUINESS"
"ANTHEM LUKE","A Touching Panorama of a Waitress And a Woman who must Outrace a Dog in An Abandoned Amusement Park",Comedy,English,"MILLA KEITEL"
"ANTHEM LUKE","A Touching Panorama of a Waitress And a Woman who must Outrace a Dog in An Abandoned Amusement Park",Comedy,English,"OPRAH KILMER"
"ANTITRUST TOMATOES","A Fateful Yarn of a Womanizer And a Feminist who must Succumb a Database Administrator in Ancient India",Action,English,"BETTE NICHOLSON"
"ANTITRUST TOMATOES","A Fateful Yarn of a Womanizer And a Feminist who must Succumb a Database Administrator in Ancient India",Action,English,"UMA WOOD"
"ANTITRUST TOMATOES","A Fateful Yarn of a Womanizer And a Feminist who must Succumb a Database Administrator in Ancient India",Action,English,"SIDNEY CROWE"
"ANTITRUST TOMATOES","A Fateful Yarn of a Womanizer And a Feminist who must Succumb a Database Administrator in Ancient India",Action,English,"SALMA NOLTE"
"ANTITRUST TOMATOES","A Fateful Yarn of a Womanizer And a Feminist who must Succumb a Database Administrator in Ancient India",Action,English,"WILLIAM HACKMAN"
"ANTITRUST TOMATOES","A Fateful Yarn of a Womanizer And a Feminist who must Succumb a Database Administrator in Ancient India",Action,English,"RENEE BALL"
"ANTITRUST TOMATOES","A Fateful Yarn of a Womanizer And a Feminist who must Succumb a Database Administrator in Ancient India",Action,English,"REESE WEST"
"ANYTHING SAVANNAH","A Epic Story of a Pastry Chef And a Woman who must Chase a Feminist in An Abandoned Fun House",Horror,English,"JOE SWANK"
"ANYTHING SAVANNAH","A Epic Story of a Pastry Chef And a Woman who must Chase a Feminist in An Abandoned Fun House",Horror,English,"CHRISTOPHER WEST"
"ANYTHING SAVANNAH","A Epic Story of a Pastry Chef And a Woman who must Chase a Feminist in An Abandoned Fun House",Horror,English,"LISA MONROE"
"APACHE DIVINE","A Awe-Inspiring Reflection of a Pastry Chef And a Teacher who must Overcome a Sumo Wrestler in A U-Boat",Family,English,"NICK WAHLBERG"
"APACHE DIVINE","A Awe-Inspiring Reflection of a Pastry Chef And a Teacher who must Overcome a Sumo Wrestler in A U-Boat",Family,English,"CUBA OLIVIER"
"APACHE DIVINE","A Awe-Inspiring Reflection of a Pastry Chef And a Teacher who must Overcome a Sumo Wrestler in A U-Boat",Family,English,"ANNE CRONYN"
"APACHE DIVINE","A Awe-Inspiring Reflection of a Pastry Chef And a Teacher who must Overcome a Sumo Wrestler in A U-Boat",Family,English,"HENRY BERRY"
"APOCALYPSE FLAMINGOS","A Astounding Story of a Dog And a Squirrel who must Defeat a Woman in An Abandoned Amusement Park",New,English,"MAE HOFFMAN"
"APOCALYPSE FLAMINGOS","A Astounding Story of a Dog And a Squirrel who must Defeat a Woman in An Abandoned Amusement Park",New,English,"VIVIEN BASINGER"
"APOCALYPSE FLAMINGOS","A Astounding Story of a Dog And a Squirrel who must Defeat a Woman in An Abandoned Amusement Park",New,English,"OPRAH KILMER"
"APOCALYPSE FLAMINGOS","A Astounding Story of a Dog And a Squirrel who must Defeat a Woman in An Abandoned Amusement Park",New,English,"WILL WILSON"
"APOCALYPSE FLAMINGOS","A Astounding Story of a Dog And a Squirrel who must Defeat a Woman in An Abandoned Amusement Park",New,English,"RUSSELL CLOSE"
"APOLLO TEEN","A Action-Packed Reflection of a Crocodile And a Explorer who must Find a Sumo Wrestler in An Abandoned Mine Shaft",Drama,English,"MAE HOFFMAN"
"APOLLO TEEN","A Action-Packed Reflection of a Crocodile And a Explorer who must Find a Sumo Wrestler in An Abandoned Mine Shaft",Drama,English,"WOODY JOLIE"
"APOLLO TEEN","A Action-Packed Reflection of a Crocodile And a Explorer who must Find a Sumo Wrestler in An Abandoned Mine Shaft",Drama,English,"ED MANSFIELD"
"APOLLO TEEN","A Action-Packed Reflection of a Crocodile And a Explorer who must Find a Sumo Wrestler in An Abandoned Mine Shaft",Drama,English,"ALBERT JOHANSSON"
"APOLLO TEEN","A Action-Packed Reflection of a Crocodile And a Explorer who must Find a Sumo Wrestler in An Abandoned Mine Shaft",Drama,English,"OPRAH KILMER"
"APOLLO TEEN","A Action-Packed Reflection of a Crocodile And a Explorer who must Find a Sumo Wrestler in An Abandoned Mine Shaft",Drama,English,"MENA HOPPER"
"APOLLO TEEN","A Action-Packed Reflection of a Crocodile And a Explorer who must Find a Sumo Wrestler in An Abandoned Mine Shaft",Drama,English,"JEFF SILVERSTONE"
"APOLLO TEEN","A Action-Packed Reflection of a Crocodile And a Explorer who must Find a Sumo Wrestler in An Abandoned Mine Shaft",Drama,English,"DEBBIE AKROYD"
"ARABIA DOGMA","A Touching Epistle of a Madman And a Mad Cow who must Defeat a Student in Nigeria",Horror,English,"KARL BERRY"
"ARABIA DOGMA","A Touching Epistle of a Madman And a Mad Cow who must Defeat a Student in Nigeria",Horror,English,"RIP CRAWFORD"
"ARABIA DOGMA","A Touching Epistle of a Madman And a Mad Cow who must Defeat a Student in Nigeria",Horror,English,"JULIA MCQUEEN"
"ARABIA DOGMA","A Touching Epistle of a Madman And a Mad Cow who must Defeat a Student in Nigeria",Horror,English,"JOHNNY CAGE"
"ARABIA DOGMA","A Touching Epistle of a Madman And a Mad Cow who must Defeat a Student in Nigeria",Horror,English,"JUDE CRUISE"
"ARABIA DOGMA","A Touching Epistle of a Madman And a Mad Cow who must Defeat a Student in Nigeria",Horror,English,"SEAN WILLIAMS"
"ARABIA DOGMA","A Touching Epistle of a Madman And a Mad Cow who must Defeat a Student in Nigeria",Horror,English,"BURT POSEY"
"ARABIA DOGMA","A Touching Epistle of a Madman And a Mad Cow who must Defeat a Student in Nigeria",Horror,English,"WALTER TORN"
"ARABIA DOGMA","A Touching Epistle of a Madman And a Mad Cow who must Defeat a Student in Nigeria",Horror,English,"RUSSELL BACALL"
"ARABIA DOGMA","A Touching Epistle of a Madman And a Mad Cow who must Defeat a Student in Nigeria",Horror,English,"FRANCES TOMEI"
"ARABIA DOGMA","A Touching Epistle of a Madman And a Mad Cow who must Defeat a Student in Nigeria",Horror,English,"GRETA MALDEN"
"ARABIA DOGMA","A Touching Epistle of a Madman And a Mad Cow who must Defeat a Student in Nigeria",Horror,English,"LISA MONROE"
"ARACHNOPHOBIA ROLLERCOASTER","A Action-Packed Reflection of a Pastry Chef And a Composer who must Discover a Mad Scientist in The First Manned Space Station",Horror,English,"GRACE MOSTEL"
"ARACHNOPHOBIA ROLLERCOASTER","A Action-Packed Reflection of a Pastry Chef And a Composer who must Discover a Mad Scientist in The First Manned Space Station",Horror,English,"JUDY DEAN"
"ARACHNOPHOBIA ROLLERCOASTER","A Action-Packed Reflection of a Pastry Chef And a Composer who must Discover a Mad Scientist in The First Manned Space Station",Horror,English,"DARYL WAHLBERG"
"ARACHNOPHOBIA ROLLERCOASTER","A Action-Packed Reflection of a Pastry Chef And a Composer who must Discover a Mad Scientist in The First Manned Space Station",Horror,English,"MORGAN HOPKINS"
"ARACHNOPHOBIA ROLLERCOASTER","A Action-Packed Reflection of a Pastry Chef And a Composer who must Discover a Mad Scientist in The First Manned Space Station",Horror,English,"CUBA ALLEN"
"ARACHNOPHOBIA ROLLERCOASTER","A Action-Packed Reflection of a Pastry Chef And a Composer who must Discover a Mad Scientist in The First Manned Space Station",Horror,English,"RITA REYNOLDS"
"ARACHNOPHOBIA ROLLERCOASTER","A Action-Packed Reflection of a Pastry Chef And a Composer who must Discover a Mad Scientist in The First Manned Space Station",Horror,English,"EWAN GOODING"
"ARACHNOPHOBIA ROLLERCOASTER","A Action-Packed Reflection of a Pastry Chef And a Composer who must Discover a Mad Scientist in The First Manned Space Station",Horror,English,"HUMPHREY GARLAND"
"ARGONAUTS TOWN","A Emotional Epistle of a Forensic Psychologist And a Butler who must Challenge a Waitress in An Abandoned Mine Shaft",Animation,English,"JULIA BARRYMORE"
"ARGONAUTS TOWN","A Emotional Epistle of a Forensic Psychologist And a Butler who must Challenge a Waitress in An Abandoned Mine Shaft",Animation,English,"GARY PENN"
"ARGONAUTS TOWN","A Emotional Epistle of a Forensic Psychologist And a Butler who must Challenge a Waitress in An Abandoned Mine Shaft",Animation,English,"GENE WILLIS"
"ARGONAUTS TOWN","A Emotional Epistle of a Forensic Psychologist And a Butler who must Challenge a Waitress in An Abandoned Mine Shaft",Animation,English,"DAN STREEP"
"ARGONAUTS TOWN","A Emotional Epistle of a Forensic Psychologist And a Butler who must Challenge a Waitress in An Abandoned Mine Shaft",Animation,English,"KEVIN GARLAND"
"ARIZONA BANG","A Brilliant Panorama of a Mad Scientist And a Mad Cow who must Meet a Pioneer in A Monastery",Classics,English,"KARL BERRY"
"ARIZONA BANG","A Brilliant Panorama of a Mad Scientist And a Mad Cow who must Meet a Pioneer in A Monastery",Classics,English,"RAY JOHANSSON"
"ARIZONA BANG","A Brilliant Panorama of a Mad Scientist And a Mad Cow who must Meet a Pioneer in A Monastery",Classics,English,"RUSSELL BACALL"
"ARIZONA BANG","A Brilliant Panorama of a Mad Scientist And a Mad Cow who must Meet a Pioneer in A Monastery",Classics,English,"GRETA KEITEL"
"ARK RIDGEMONT","A Beautiful Yarn of a Pioneer And a Monkey who must Pursue a Explorer in The Sahara Desert",Action,English,"PARKER GOLDBERG"
"ARK RIDGEMONT","A Beautiful Yarn of a Pioneer And a Monkey who must Pursue a Explorer in The Sahara Desert",Action,English,"NICK DEGENERES"
"ARK RIDGEMONT","A Beautiful Yarn of a Pioneer And a Monkey who must Pursue a Explorer in The Sahara Desert",Action,English,"AUDREY BAILEY"
"ARMAGEDDON LOST","A Fast-Paced Tale of a Boat And a Teacher who must Succumb a Composer in An Abandoned Mine Shaft",Sci-Fi,English,"ANGELA HUDSON"
"ARMAGEDDON LOST","A Fast-Paced Tale of a Boat And a Teacher who must Succumb a Composer in An Abandoned Mine Shaft",Sci-Fi,English,"JAMES PITT"
"ARMAGEDDON LOST","A Fast-Paced Tale of a Boat And a Teacher who must Succumb a Composer in An Abandoned Mine Shaft",Sci-Fi,English,"PENELOPE CRONYN"
"ARMAGEDDON LOST","A Fast-Paced Tale of a Boat And a Teacher who must Succumb a Composer in An Abandoned Mine Shaft",Sci-Fi,English,"CUBA ALLEN"
"ARMAGEDDON LOST","A Fast-Paced Tale of a Boat And a Teacher who must Succumb a Composer in An Abandoned Mine Shaft",Sci-Fi,English,"KIM ALLEN"
"ARMAGEDDON LOST","A Fast-Paced Tale of a Boat And a Teacher who must Succumb a Composer in An Abandoned Mine Shaft",Sci-Fi,English,"GENE MCKELLEN"
"ARMAGEDDON LOST","A Fast-Paced Tale of a Boat And a Teacher who must Succumb a Composer in An Abandoned Mine Shaft",Sci-Fi,English,"GREGORY GOODING"
"ARMY FLINTSTONES","A Boring Saga of a Database Administrator And a Womanizer who must Battle a Waitress in Nigeria",Documentary,English,"ED CHASE"
"ARMY FLINTSTONES","A Boring Saga of a Database Administrator And a Womanizer who must Battle a Waitress in Nigeria",Documentary,English,"CARY MCCONAUGHEY"
"ARMY FLINTSTONES","A Boring Saga of a Database Administrator And a Womanizer who must Battle a Waitress in Nigeria",Documentary,English,"MAE HOFFMAN"
"ARMY FLINTSTONES","A Boring Saga of a Database Administrator And a Womanizer who must Battle a Waitress in Nigeria",Documentary,English,"GENE WILLIS"
"ARMY FLINTSTONES","A Boring Saga of a Database Administrator And a Womanizer who must Battle a Waitress in Nigeria",Documentary,English,"PENELOPE CRONYN"
"ARMY FLINTSTONES","A Boring Saga of a Database Administrator And a Womanizer who must Battle a Waitress in Nigeria",Documentary,English,"MATTHEW CARREY"
"ARMY FLINTSTONES","A Boring Saga of a Database Administrator And a Womanizer who must Battle a Waitress in Nigeria",Documentary,English,"RUSSELL CLOSE"
"ARSENIC INDEPENDENCE","A Fanciful Documentary of a Mad Cow And a Womanizer who must Find a Dentist in Berlin",Travel,English,"CUBA ALLEN"
"ARSENIC INDEPENDENCE","A Fanciful Documentary of a Mad Cow And a Womanizer who must Find a Dentist in Berlin",Travel,English,"RITA REYNOLDS"
"ARSENIC INDEPENDENCE","A Fanciful Documentary of a Mad Cow And a Womanizer who must Find a Dentist in Berlin",Travel,English,"OPRAH KILMER"
"ARTIST COLDBLOODED","A Stunning Reflection of a Robot And a Moose who must Challenge a Woman in California",Sports,English,"ED CHASE"
"ARTIST COLDBLOODED","A Stunning Reflection of a Robot And a Moose who must Challenge a Woman in California",Sports,English,"SANDRA KILMER"
"ARTIST COLDBLOODED","A Stunning Reflection of a Robot And a Moose who must Challenge a Woman in California",Sports,English,"KIRK JOVOVICH"
"ARTIST COLDBLOODED","A Stunning Reflection of a Robot And a Moose who must Challenge a Woman in California",Sports,English,"JAYNE NEESON"
"ARTIST COLDBLOODED","A Stunning Reflection of a Robot And a Moose who must Challenge a Woman in California",Sports,English,"SIDNEY CROWE"
"ARTIST COLDBLOODED","A Stunning Reflection of a Robot And a Moose who must Challenge a Woman in California",Sports,English,"RENEE TRACY"
"ARTIST COLDBLOODED","A Stunning Reflection of a Robot And a Moose who must Challenge a Woman in California",Sports,English,"MERYL ALLEN"
"ATLANTIS CAUSE","A Thrilling Yarn of a Feminist And a Hunter who must Fight a Technical Writer in A Shark Tank",Family,English,"WOODY HOFFMAN"
"ATLANTIS CAUSE","A Thrilling Yarn of a Feminist And a Hunter who must Fight a Technical Writer in A Shark Tank",Family,English,"AUDREY OLIVIER"
"ATLANTIS CAUSE","A Thrilling Yarn of a Feminist And a Hunter who must Fight a Technical Writer in A Shark Tank",Family,English,"JULIANNE DENCH"
"ATLANTIS CAUSE","A Thrilling Yarn of a Feminist And a Hunter who must Fight a Technical Writer in A Shark Tank",Family,English,"FRANCES TOMEI"
"ATLANTIS CAUSE","A Thrilling Yarn of a Feminist And a Hunter who must Fight a Technical Writer in A Shark Tank",Family,English,"GRETA KEITEL"
"ATLANTIS CAUSE","A Thrilling Yarn of a Feminist And a Hunter who must Fight a Technical Writer in A Shark Tank",Family,English,"CATE HARRIS"
"ATLANTIS CAUSE","A Thrilling Yarn of a Feminist And a Hunter who must Fight a Technical Writer in A Shark Tank",Family,English,"CHRIS DEPP"
"ATLANTIS CAUSE","A Thrilling Yarn of a Feminist And a Hunter who must Fight a Technical Writer in A Shark Tank",Family,English,"HARVEY HOPE"
"ATLANTIS CAUSE","A Thrilling Yarn of a Feminist And a Hunter who must Fight a Technical Writer in A Shark Tank",Family,English,"CUBA BIRCH"
"ATTACKS HATE","A Fast-Paced Panorama of a Technical Writer And a Mad Scientist who must Find a Feminist in An Abandoned Mine Shaft",Sci-Fi,English,"DAN TORN"
"ATTACKS HATE","A Fast-Paced Panorama of a Technical Writer And a Mad Scientist who must Find a Feminist in An Abandoned Mine Shaft",Sci-Fi,English,"MILLA KEITEL"
"ATTACKS HATE","A Fast-Paced Panorama of a Technical Writer And a Mad Scientist who must Find a Feminist in An Abandoned Mine Shaft",Sci-Fi,English,"GROUCHO DUNST"
"ATTACKS HATE","A Fast-Paced Panorama of a Technical Writer And a Mad Scientist who must Find a Feminist in An Abandoned Mine Shaft",Sci-Fi,English,"BURT TEMPLE"
"ATTRACTION NEWTON","A Astounding Panorama of a Composer And a Frisbee who must Reach a Husband in Ancient Japan",New,English,"UMA WOOD"
"ATTRACTION NEWTON","A Astounding Panorama of a Composer And a Frisbee who must Reach a Husband in Ancient Japan",New,English,"RIP WINSLET"
"ATTRACTION NEWTON","A Astounding Panorama of a Composer And a Frisbee who must Reach a Husband in Ancient Japan",New,English,"GARY PENN"
"ATTRACTION NEWTON","A Astounding Panorama of a Composer And a Frisbee who must Reach a Husband in Ancient Japan",New,English,"CHRISTOPHER WEST"
"AUTUMN CROW","A Beautiful Tale of a Dentist And a Mad Cow who must Battle a Moose in The Sahara Desert",Games,English,"DUSTIN TAUTOU"
"AUTUMN CROW","A Beautiful Tale of a Dentist And a Mad Cow who must Battle a Moose in The Sahara Desert",Games,English,"ANGELA HUDSON"
"AUTUMN CROW","A Beautiful Tale of a Dentist And a Mad Cow who must Battle a Moose in The Sahara Desert",Games,English,"JAMES PITT"
